A. Datasets (Prognostics/ Diagnosis),
1. Prognostics (Bài toán chính),
Paderborn University (Time-Varying Run-to-Failure),https://doi.org/10.5281/zenodo.10805042,"- Features: Vibration, Temperature
- Overview: Một bộ dữ liệu run-to-failure của ball bearings (vòng bi) chịu các điều kiện load (tải trọng) và speed (tốc độ) time-varying (thay đổi theo thời gian). Đây là một đóng góp khác biệt từ cùng một tổ chức đã cung cấp bộ dữ liệu PU diagnosis ở trên, tập trung cụ thể vào công tác prognostics (dự báo) trong các non-stationary operating conditions (điều kiện vận hành không dừng) — một kịch bản rất quan trọng nhưng lại ít được nghiên cứu và cung cấp dữ liệu.
- Experimental Setup (Thiết lập thực nghiệm): Các ball bearings được vận hành run to failure dưới các load and speed profiles (biểu đồ tải và tốc độ) thay đổi liên tục, thay vì ở các điều kiện bất biến (constant conditions). Điều này phản ánh hành vi của máy móc trong thực tế một cách chính xác hơn so với hầu hết các bộ dữ liệu run-to-failure hiện có. 
- Data Characteristics (Đặc điểm dữ liệu): Chứa các tín hiệu vibration (rung động) và temperature (nhiệt độ) được ghi nhận trong suốt toàn bộ vòng đời của bearing. 
- Operating Conditions (Điều kiện vận hành): Các time-varying speed and load profiles được thiết kế nhằm mô phỏng sát nhất các chế độ vận hành công nghiệp thực tế."
NASA IMS,https://data.nasa.gov/dataset/ims-bearings,"- Features: Vibration
- Overview: Một bộ dữ liệu run-to-failure nền tảng từ NASA Ames Prognostics Data Repository, được sử dụng rộng rãi để kiểm chứng các thuật toán dự đoán RUL (Remaining Useful Life).
- Experimental Setup: Bốn bearings (vòng bi) được vận hành liên tục cho đến khi hỏng dưới một radial load (tải trọng hướng tâm) lớn. Bộ dữ liệu này bao gồm ba thí nghiệm run-to-failure riêng biệt.
- Data Characteristics: Dữ liệu vibration (rung động) được thu thập với tần số lấy mẫu là 20 kHz thông qua các snapshots (bản ghi ngắn) dài 1 giây sau mỗi 10 phút, và được cung cấp dưới định dạng tệp văn bản ASCII.
- Operating Conditions: Tất cả các thí nghiệm đều được tiến hành dưới một constant condition (điều kiện bất biến) duy nhất: tốc độ 2000 RPM và radial load ở mức 6000 lbs."
FEMTO-ST (PRONOSTIA),https://github.com/Lucky-Loek/ieee-phm-2012-data-challenge-dataset,"- Features: Vibration, Temperature
- Overview: Được cung cấp bởi viện FEMTO-ST thông qua cuộc thi IEEE PHM 2012 Prognostic Challenge, tập trung vào bài toán dự báo RUL trong điều kiện vận hành thay đổi.
- Experimental Setup: Sử dụng thiết bị PRONOSTIA để thực hiện các thử nghiệm run-to-failure trên vòng bi NSK 6203.
- Data Characteristics: Ghi nhận tín hiệu rung động (ngang và dọc) và nhiệt độ. Bao gồm 17 bộ dữ liệu run-to-failure dưới các điều kiện tải và tốc độ khác nhau.
- Operating Conditions: 3 kịch bản vận hành chính: (1800 rpm, 4000 N), (1650 rpm, 4200 N), và (1500 rpm, 5000 N)."
Xi'an Jiaotong University (XJTU-SY),https://github.com/WangBiaoXJTU/xjtu-sy-bearing-datasets,"- Features: Vibration
- Overview: Một bộ dữ liệu run-to-failure hiện đại từ Đại học Xi'an Jiaotong, cung cấp dữ liệu chất lượng cao cho việc nghiên cứu chẩn đoán và dự báo lỗi.
- Experimental Setup: Thử nghiệm trên vòng bi LDK UER204. Sử dụng cảm biến gia tốc PCB 352C33 để thu thập tín hiệu rung động ngang và dọc.
- Data Characteristics: Chứa dữ liệu của 15 vòng bi được chạy đến khi hỏng dưới 3 điều kiện vận hành khác nhau. Tần số lấy mẫu cao (25.6 kHz).
- Operating Conditions: 3 điều kiện: (2100 rpm, 12 kN), (2250 rpm, 11 kN), và (2400 rpm, 10 kN)."
KAIST Bearing Datasets,https://www.sciencedirect.com/science/article/pii/S235234092400372X,"- Features: Current, Vibration, Torque
- Overview: Bộ dữ liệu từ Viện Khoa học và Công nghệ Tiên tiến Hàn Quốc (KAIST), cung cấp cái nhìn đa chiều về tình trạng vòng bi thông qua nhiều loại cảm biến.
- Experimental Setup: Hệ thống thử nghiệm bao gồm động cơ, khớp nối và các vòng bi hỗ trợ, cho phép mô phỏng nhiều loại lỗi cơ khí khác nhau.
- Data Characteristics: Kết hợp đồng thời các tín hiệu dòng điện, rung động và mô-men xoắn, giúp tăng cường độ chính xác cho việc chẩn đoán lỗi.
- Operating Conditions: Thử nghiệm ở nhiều dải tốc độ và tải trọng khác nhau để kiểm tra tính mạnh mẽ của các thuật toán AI."
University of New South Wales (UNSW),https://data.mendeley.com/datasets/h4df4mgrfb/3,"- Features: Vibration
- Overview: Bộ dữ liệu từ Đại học New South Wales, thường được sử dụng để nghiên cứu chẩn đoán lỗi trong các điều kiện vận hành biến đổi và môi trường nhiễu.
- Experimental Setup: Thiết lập bao gồm các vòng bi có lỗi nhân tạo (vết cắt, rỗ) được tạo ra trên rãnh trong, rãnh ngoài hoặc viên bi.
- Data Characteristics: Tập trung vào việc phân tích phổ và các đặc trưng thời gian-tần số của tín hiệu rung động để phát hiện các thành phần tần số lỗi đặc trưng.
- Operating Conditions: Thử nghiệm ở nhiều tốc độ quay khác nhau để mô phỏng các kịch bản vận hành thực tế trong công nghiệp."
University of Ferrara,https://sfera.unife.it/handle/11392/2569668,"- Features: Vibration
- Overview: Cung cấp bởi Đại học Ferrara (Ý), tập trung vào việc phát hiện sớm các lỗi vòng bi thông qua các kỹ thuật xử lý tín hiệu tiên tiến.
- Experimental Setup: Sử dụng các vòng bi lăn với các loại lỗi được tạo ra một cách có kiểm soát trên băng thử chuyên dụng.
- Data Characteristics: Cung cấp dữ liệu rung động chất lượng cao, phù hợp để kiểm chứng các phương pháp lọc nhiễu và trích xuất đặc trưng.
- Operating Conditions: Vận hành chủ yếu ở các tốc độ không đổi với tải trọng xác định để thiết lập các ngưỡng chẩn đoán."
,
2. Diagnosis,
SCA Bearing Dataset,"- Features: Vibration
- Overview: Bộ dữ liệu từ Schaeffler (SCA), cung cấp dữ liệu thực tế về các tình trạng lỗi vòng bi trong môi trường công nghiệp.
- Experimental Setup: Được thu thập từ các băng thử công nghiệp tiêu chuẩn của Schaeffler để mô phỏng các điều kiện làm việc khắc nghiệt và lỗi tự nhiên.
- Data Characteristics: Chứa các tín hiệu rung động từ cả vòng bi khỏe mạnh và vòng bi có lỗi (tự nhiên hoặc nhân tạo), mang tính thực tiễn cao cho việc chẩn đoán.
- Operating Conditions: Điều kiện vận hành đa dạng, bao gồm cả các kịch bản tốc độ cao và tải trọng thay đổi."
Machinery Failure Prevention Technology (MFPT),"- Features: Vibration
- Overview: Một bộ dữ liệu chuẩn từ Hiệp hội Công nghệ Ngăn ngừa Hỏng hóc Máy móc (MFPT), rất phổ biến trong cộng đồng nghiên cứu chẩn đoán lỗi.
- Experimental Setup: Bao gồm dữ liệu từ các vòng bi khỏe mạnh, lỗi rãnh ngoài (tải cố định) và lỗi rãnh trong (tải biến thiên).
- Data Characteristics: Dữ liệu được tổ chức rõ ràng theo từng loại lỗi, rất hữu ích cho các bài toán phân loại (classification) trong chẩn đoán.
- Operating Conditions: Tải trọng từ 0 đến 600 lbs, tốc độ quay ổn định ở mức khoảng 25 Hz (1500 rpm)."
Paderborn University (PU),"- Features: Vibration, Motor Current
- Overview: Bộ dữ liệu Paderborn University (PU) danh tiếng, cung cấp dữ liệu chẩn đoán từ lỗi nhân tạo đến lỗi mài mòn tự nhiên.
- Experimental Setup: Sử dụng hệ thống truyền động điện tích hợp cảm biến đo mô-men xoắn và dòng điện pha động cơ.
- Data Characteristics: Chứa hơn 6000 phép đo từ 32 vòng bi. Đặc biệt hữu ích cho việc chẩn đoán lỗi không xâm lấn thông qua dòng điện (MCSA).
- Operating Conditions: 4 điều kiện vận hành kết hợp: tốc độ (900, 1500 rpm), tải trọng (0.1, 0.7 Nm) và lực hướng tâm (400, 1000 N)."
University of Ottawa_2018_2023,"- Features: Vibration, Acoustic, Speed
- Overview: Bộ dữ liệu từ Đại học Ottawa tập trung vào bài toán chẩn đoán lỗi trong điều kiện tốc độ vận hành thay đổi linh hoạt (non-stationary).
- Experimental Setup: Sử dụng các vòng bi có lỗi rãnh trong và rãnh ngoài, được thử nghiệm trên băng tải có tốc độ thay đổi linh hoạt.
- Data Characteristics: Kết hợp đồng thời tín hiệu rung động, phát xạ âm thanh (AE) và dữ liệu tốc độ tức thời từ encoder.
- Operating Conditions: Bao gồm các kịch bản tốc độ tăng dần, giảm dần và biến thiên ngẫu nhiên để mô phỏng vận hành thực tế."
Tham khảo thêm tại github,
,
B. Papers,
1. Mamba,
Bearing Degradation Prediction based on Multi-Scale Mamba-Transformer Model (2025),"Bài báo công bố tại hội nghị IEEE ICPHM 2025 đề xuất mô hình Multi-Scale Mamba-Transformer (MSMT) nhằm dự đoán chính xác xu hướng suy thoái phức tạp của vòng bi trong máy móc. Bằng cách kết hợp kiến trúc Mamba để nắm bắt xu hướng xuống cấp dài hạn và cơ chế Local Attention để nhận diện các biến động bất thường ngắn hạn, MSMT đã khắc phục thành công những khó khăn trong việc mô hình hóa chu kỳ hư hỏng nhiều giai đoạn. Kết quả thực nghiệm trên bộ dữ liệu chuẩn PRONOSTIA chứng minh MSMT có độ chính xác và tính ổn định vượt trội đáng kể so với các phương pháp hiện hành, mang lại giá trị to lớn cho công tác quản lý và bảo trì dự báo (PHM) nhằm ngăn ngừa hỏng hóc và giảm thiểu thiệt hại kinh tế."
A physical knowledge-informed bearing fault feature extraction network based on Mamba (2026),"Bài báo đề xuất mô hình Mamba-FeNet nhằm khắc phục tính ""hộp đen"" thiếu minh bạch và sự phụ thuộc vào dữ liệu gán nhãn của các phương pháp học sâu truyền thống trong chẩn đoán lỗi vòng bi. Bằng cách kết hợp kiến trúc mô hình hóa chuỗi Mamba với các kiến thức vật lý tiên nghiệm về cơ chế gây lỗi, hệ thống tự động trích xuất các thông số cộng hưởng để tạo ra tín hiệu lỗi mẫu, từ đó tách lọc chính xác các đặc trưng hư hỏng khỏi nhiễu nền phức tạp. Kết quả thực nghiệm chứng minh Mamba-FeNet không chỉ vượt trội các phương pháp hiện hành về hiệu suất chẩn đoán mà còn mang lại khả năng diễn giải (interpretability) cao, cho phép trực quan hóa và hiểu rõ toàn bộ quá trình trích xuất đặc trưng lỗi bên trong hệ thống."
Remaining useful life prediction method for rolling bearings based on Mamba-SDP (2025),"Bài báo công bố trên tạp chí Journal of Mechanical Science and Technology (tháng 12/2025) đề xuất phương pháp Mamba-SDP nhằm dự đoán thời gian sử dụng hữu ích còn lại (RUL) của vòng bi, giúp khắc phục hạn chế của các mô hình truyền thống trong việc xử lý dữ liệu đa cảm biến. Mô hình này là sự kết hợp phức hợp giữa chiến lược dung hợp dữ liệu, kiến trúc Mamba (để trích xuất đặc trưng không gian - thời gian sâu), module ICFFT (phân tích tần số tín hiệu không dừng) và cơ chế chú ý SDP (giúp tăng cường độ ổn định tính toán ở không gian chiều cao). Qua thử nghiệm trên hai bộ dữ liệu chuẩn là PHM 2012 và XJTU-SY, phương pháp Mamba-SDP cho thấy hiệu suất vượt trội khi giảm sai số dự đoán (MAE và RMSE) xuống hơn 7-8% so với các công nghệ tiên tiến nhất hiện nay, cung cấp một giải pháp đáng tin cậy và có tính ứng dụng cao cho công tác quản lý ""sức khỏe"" máy móc công nghiệp."
FEMamba: A Feature-Enhanced Mamba Framework with Degradation-Stage Global Regularization for Bearing Remaining Useful Life Prediction (2025),"Bài báo công bố tại hội nghị IEEE DDCLS 2025 đề xuất khung mô hình FEMamba nhằm giải quyết bài toán dự đoán thời gian sử dụng hữu ích còn lại (RUL) của vòng bi, đặc biệt khi phải xử lý chuỗi dữ liệu đa cảm biến phức tạp và mô hình hóa quá trình suy thoái trong dài hạn. Sức mạnh của FEMamba nằm ở sự kết hợp giữa mô-đun chọn lọc đặc trưng đa nguồn (MFES) giúp thích ứng với dữ liệu không đồng nhất, kiến trúc Mamba để xử lý chuỗi dữ liệu dài, và chiến lược điều chuẩn toàn cục (DSGR) giúp đưa các đặc điểm vật lý của từng giai đoạn suy thoái vào quá trình học đặc trưng. Kết quả thử nghiệm trên bộ dữ liệu chuẩn PHM2012 cho thấy FEMamba đạt độ chính xác ấn tượng (chỉ số R^2 lên tới 0.9601, sai số MSE rất thấp), cung cấp một giải pháp cực kỳ tin cậy và hiệu quả cho công tác bảo trì dự báo trong hệ thống công nghiệp hiện đại."
Mamba TFVisionChaos: A Mamba-based Multimodal Bearing Fault Diagnosis Model with Time–Frequency Dual-Axis and Chaos Enhancement,"Bản thảo nghiên cứu (preprint) đề xuất mô hình Mamba TFVisionChaos nhằm giải quyết thách thức về khối lượng tính toán khổng lồ và sự hạn chế trong việc dung hợp dữ liệu đa phương thức của các hệ thống chẩn đoán lỗi vòng bi hiện nay. Đây là một khung nền tảng hạng nhẹ kết hợp ba thành phần đột phá: mô-đun thời gian đa tỷ lệ dựa trên kiến trúc Mamba giúp giảm độ phức tạp tính toán xuống mức O(L), nhánh xử lý ảnh giúp trích xuất các đặc trưng từ biểu diễn thời gian - tần số, và mô-đun tăng cường hỗn loạn (chaos-enhanced) để phát hiện sớm hư hỏng thông qua tái tạo không gian pha. Thực nghiệm trên 4 bộ dữ liệu chuẩn (CWRU, XJTU-SY, JNU, HIT) khẳng định mô hình không chỉ đạt độ chính xác cực cao (từ 97.40% đến 100%) mà còn vô cùng tối ưu về mặt tài nguyên với kích thước siêu nhỏ (~1.28 MB, khoảng 334 nghìn tham số) và độ trễ thấp, cung cấp một giải pháp thực tiễn, tin cậy để chẩn đoán lỗi vòng bi theo thời gian thực trong môi trường công nghiệp."
Rolling Bearing Life Prediction Based on Improved Transformer Encoding Layer and Multi-Scale Convolution,"""Rolling Bearing Life Prediction Based on Improved Transformer Encoding Layer and Multi-Scale Convolution"" được xuất bản trên tạp chí Machines vào năm 2025, tập trung giải quyết  hạn chế của các mô hình học sâu truyền thống (như CNN, RNN) và kiến trúc Transformer thông thường trong việc trích xuất đồng thời các phụ thuộc dài hạn và nắm bắt mức độ nhạy bén của các thay đổi cục bộ trong quá trình suy giảm tuổi thọ của vòng bi. Để khắc phục điều này, nhóm tác giả đề xuất mô hình TransCN, sử dụng lớp mã hóa Transformer cải tiến với cơ chế tự chú ý kép (dual-layer self-attention) nhằm nắm bắt thông tin toàn cục về xu hướng thoái hóa, kết hợp cùng mô-đun tích chập đa tỷ lệ (multi-scale convolution) để dung hợp các đặc trưng thời gian cục bộ ở nhiều tỷ lệ khác nhau. Thử nghiệm trên tập dữ liệu chuẩn IEEE PHM 2012 cho thấy mô hình TransCN vượt trội hơn hẳn các mô hình phổ biến hiện nay (như CNN, GRU, TCN, Transformer Encoder) về độ chính xác và khả năng tổng quát hóa, với các chỉ số sai số (MAE, MSE) giảm mạnh ngay cả khi dữ liệu chứa các đặc trưng gây nhiễu lớn. Thành công của mô hình cung cấp một giải pháp mới, đáng tin cậy cho việc dự đoán phần đời còn lại (RUL) của máy móc quay, hỗ trợ các kỹ sư đưa ra quyết định bảo trì thiết bị hợp lý nhằm giảm nguy cơ tai nạn và tối ưu hóa chi phí bảo dưỡng trong công nghiệp"
Rolling Bearing Fault Diagnosis Based on Fractional Constant Q Non-Stationary Gabor Transform and VMamba-Conv,"""Rolling Bearing Fault Diagnosis Based on Fractional Constant Q Non-Stationary Gabor Transform and VMamba-Conv"" được xuất bản trên tạp chí Fractal and Fractional vào năm 2025, tập trung giải quyết những hạn chế trong việc chẩn đoán lỗi vòng bi của máy móc quay, cụ thể là các phương pháp biến đổi thời gian - tần số hiện tại (như CQ-NSGT) còn phụ thuộc vào thiết lập tham số thủ công và gặp tình trạng phân tán năng lượng khi xử lý tín hiệu không dừng, cùng với đó là sự khó khăn của các mạng học sâu trong việc cân bằng giữa khả năng nắm bắt thông tin toàn cục và tối ưu hóa khối lượng tính toán. Để khắc phục điều này, nhóm tác giả đề xuất một phương pháp chẩn đoán lỗi siêu nhẹ mới bằng sự kết hợp giữa thuật toán FCQ-NSGT và mô hình VMamba-Conv; trong đó, thuật toán FCQ-NSGT sử dụng tỷ lệ kurtosis-entropy (KER) cùng phép biến đổi Fourier phân số (FRFT) để tự động tối ưu hóa tham số và khắc họa rõ nét biểu diễn thời gian - tần số của lỗi, sau đó dữ liệu này được đưa vào mô hình VMamba-Conv (một kiến trúc nhánh đôi) tích hợp cơ chế quét chọn lọc 2D hiệu quả (ES2D), khối tích chập, cơ chế chú ý SimAM và khối thặng dư đảo ngược để chiết xuất toàn diện cả đặc trưng lỗi cục bộ lẫn toàn cục. Quá trình thử nghiệm cho thấy mô hình đạt độ chính xác phân loại lỗi trung bình lên tới 99.85%, vượt trội hơn hẳn các mô hình tiên tiến thuộc nhóm CNN, Transformer và SSM về mọi chỉ số (ARI, NMI, F1, Accuracy), thể hiện khả năng kháng nhiễu cực tốt (ngay cả ở mức nhiễu -15 dB) và đặc biệt là giảm được tới 59% độ phức tạp tính toán cùng 69% số lượng tham số. Nghiên cứu này cung cấp một công cụ mạnh mẽ, đáng tin cậy và tối ưu về mặt tài nguyên để giám sát trạng thái cũng như chẩn đoán lỗi vòng bi quay, rất phù hợp để ứng dụng trong các môi trường công nghiệp thực tế hoặc các kịch bản bị giới hạn nghiêm ngặt về khả năng điện toán."
An improved RSMamba network based on multi-domain image fusion for wheelset bearing fault diagnosis under composite conditions (2025),"""An improved RSMamba network based on multi-domain image fusion for wheelset bearing fault diagnosis under composite conditions"" được xuất bản trên tạp chí Journal of Computational Design and Engineering vào năm 2025, tập trung giải quyết những hạn chế của các mô hình học sâu truyền thống (như CNN và Transformer) về khả năng trích xuất đặc trưng và chi phí tính toán cao, đặc biệt là sự khó khăn khi chẩn đoán lỗi vòng bi trục bánh xe dưới các điều kiện vận hành phức tạp, có nhiều nhiễu và tải trọng thay đổi liên tục. Nhóm tác giả đề xuất mạng RSMamba cải tiến dựa trên dung hợp ảnh đa miền; cụ thể là áp dụng chiến lược RGB-CF để chuyển đổi tín hiệu rung 1D thành ảnh 2D bằng cách tích hợp đặc trưng từ miền thời gian (GAF), miền tần số (Bispectrum) và miền thời gian - tần số (S-Transform). Dữ liệu này sau đó được đưa qua mạng RSMamba tích hợp các khối Mamba đa đường dẫn động (dynamic multi-path Mamba blocks) để nắm bắt các mối quan hệ phi nhân quả, cùng với mô-đun chú ý phần dư đặc thù theo lớp (CSRA) để tăng cường nhận diện chính xác từng loại lỗi. Quá trình thử nghiệm trên hai tập dữ liệu vòng bi thực tế (WBCTR và RVRSW) cho thấy mô hình đạt độ chính xác phân loại vượt ngưỡng 99% trong cả 6 kịch bản kiểm tra, áp đảo các mô hình tiên tiến hiện nay (như ResNet34, ViT, SwinT, SMT) cả về khả năng chẩn đoán lẫn hiệu suất tính toán (tối ưu số lượng tham số và FLOPs). Thành công của nghiên cứu mang đến một giải pháp mạnh mẽ, độ tin cậy cao và tối ưu về tài nguyên, rất khả thi để áp dụng trực tiếp vào công tác giám sát tình trạng và bảo trì an toàn cho hệ thống vòng bi trục bánh xe của các đoàn tàu cao tốc trong thực tế."
Remaining Useful Life Prediction of Airplane Engine Based on Bidirectional Mamba and Causal Discovery,"""Remaining Useful Life Prediction of Airplane Engine Based on Bidirectional Mamba and Causal Discovery"" được xuất bản trên tạp chí Sensors vào năm 2025, tập trung giải quyết những thách thức trong việc dự đoán tuổi thọ hữu ích còn lại (RUL) của động cơ máy bay, cụ thể là các mô hình học sâu hiện đại thường bị giảm hiệu suất khi xử lý chuỗi dữ liệu dài, tiêu tốn nhiều tài nguyên điện toán, đồng thời các phương pháp khám phá nhân quả truyền thống lại dễ bị ảnh hưởng bởi nhiễu ngẫu nhiên dẫn đến suy luận sai lệch,,. Để giải quyết vấn đề này, nhóm tác giả đề xuất mô hình đa phương thức Cau–BiMamba–LSTM: trước tiên sử dụng kỹ thuật làm mịn theo hàm mũ (exponential smoothing) để giảm nhiễu và thuật toán entropy truyền thông tin tối đa (MITE-CM) để chọn lọc các đặc trưng nhân quả cốt lõi; dữ liệu sau đó được xử lý qua mạng LSTM để trích xuất đặc trưng cục bộ, cơ chế chú ý (attention) để tối ưu ngữ cảnh thời gian, và mô hình không gian trạng thái Mamba hai chiều (BiMamba) để nắm bắt các phụ thuộc dài hạn một cách toàn diện với độ phức tạp tính toán thấp (tuyến tính). Thử nghiệm trên tập dữ liệu mô phỏng sự suy thoái động cơ chuẩn C-MAPSS của NASA cho thấy mô hình đạt độ chính xác vượt trội, đặc biệt trên tập con phức tạp nhất (FD004) với chỉ số lỗi RMSE giảm xuống 14.37 và SCORE đạt 948, áp đảo hàng loạt mô hình tiên tiến khác trong khi lượng tham số được tối ưu cực thấp (chỉ 3323 tham số). Nghiên cứu này cung cấp một công cụ dự đoán chính xác, đáng tin cậy và ""siêu nhẹ"", cực kỳ lý tưởng để triển khai trực tiếp trên các thiết bị vùng biên (edge devices) có tài nguyên tính toán hạn chế nhằm hỗ trợ phản hồi thời gian thực, qua đó giúp tăng cường độ an toàn và tối ưu hóa chi phí bảo trì cho các hệ thống máy móc công nghiệp hiện đại."
A Frequency-Adaptive Feature Extraction Framework for Bearing Remaining Useful Life Prediction,"""A frequency-adaptive feature extraction framework for bearing remaining useful life prediction"" được xuất bản trên tạp chí Eksploatacja i Niezawodność – Maintenance and Reliability vào năm 2026, tập trung giải quyết thách thức trong việc dự đoán tuổi thọ hữu ích còn lại (RUL) của vòng bi, cụ thể là các tín hiệu suy thoái thu thập từ nhiều cảm biến thường có các đặc trưng về thời gian và phổ tần rất đa dạng, nhưng lại bị xử lý một cách đồng nhất bởi các mô hình trích xuất hiện hành, làm hạn chế khả năng nắm bắt thông tin và làm giảm độ chính xác. Nhằm khắc phục hạn chế này, nhóm tác giả đề xuất một khung trích xuất đặc trưng thích ứng tần số; hệ thống này bao gồm Mạng trích xuất đặc trưng thời gian (TFEN) áp dụng các khối tích chập giãn để linh hoạt gán cấu hình xử lý dựa trên nhóm tần số đặc trưng của từng tín hiệu (thấp, trung bình, cao), và sau đó kết hợp với Mạng trích xuất đặc trưng không gian (SFEN) dựa trên kiến trúc Transformer để mô hình hóa toàn diện sự phụ thuộc và tương tác chéo giữa các cảm biến. Đánh giá trên hai tập dữ liệu vòng bi (FEMTO-ST và bộ dữ liệu suy thoái tăng tốc) cho thấy mô hình đề xuất áp đảo các phương pháp tiên tiến hiện nay (như CNN, LSTM, TACT, MWN) về mọi chỉ số, đặc biệt là giảm thiểu đáng kể sai số dự đoán (chỉ số RMSE giảm đến 57.8% so với cấu hình dùng dải tần đơn tốt nhất trên tập dữ liệu thứ hai) và đạt độ rủi ro (R²) cực kỳ bám sát thực tế. Khung mô hình này mang lại một công cụ chẩn đoán mạnh mẽ, ổn định, cân bằng tốt giữa hiệu năng và khả năng giải thích, tạo tiền đề vững chắc để ứng dụng vào công tác bảo trì dựa trên tình trạng thiết bị (CBM), qua đó nâng cao độ tin cậy của máy móc quay và tối ưu hóa chi phí vận hành trong công nghiệp."